user0,c2FsdA==$CsyTpRZtlKxO7KjpbW9tSCru+BTGVNt9EbZ/uuvHc7U=
user1,c2FsdA==$/cJwAJ4/m2xChKHs1yQXhUbO5gXURE0rzgYTBK3nKoM=
user2,c2FsdA==$tgJeV/wLk5AAw7ndjHQwLdrSg1GC8Lj9Pj5j9ZFyCIE=
user3,c2FsdA==$wQ/HNN597/4ONKSHYICe+VI5GUpkOYqenHqprUef/7c=
user4,c2FsdA==$ktPq/HA19mrYI/IUlSZZLEk6RC053zy7lG7J5xvaM/w=
user5,c2FsdA==$V+63pszCJiRTs2cH4yquoZoGCIXHgMJGj1a8v23PbEI=
user6,c2FsdA==$hym5J19uHW7ffpb1IqsdSdx/sYbR1ialjb05maNyM4Y=
user7,c2FsdA==$tGBFZ4QnWFoC/7flNbADSsbdzqZjZl7MB+NsjmnGB0k=
user8,c2FsdA==$XsBgeGLbPiTWNV3pTI4xzNWm0l4f0OQE99fitAHSKoQ=
user9,c2FsdA==$zmYMxh9IGuD3WeOXUtVRxRcWdImX02qADeglnJ8Au8U=
user10,c2FsdA==$Gt5oGqB0k7KH4dkjOsrBGhFCxM+qHrMEf6ETAFiiseU=
user11,c2FsdA==$Y2T2NLQIrQGSfGs91VljXXlDOG3nZR80aFcLaZnLC9Q=
user12,c2FsdA==$9KGVKomDeC2Y4YfeT2fmBh8/pLCuz0v5dy+j2tl2ReU=
user13,c2FsdA==$W9FYfJImA5QXq41Xo+fnGo+bQAmPOa33wWd48HEv6Kc=
user14,c2FsdA==$gCfx27G4AC3EQv/2hO2i/9WdDxpcpReqYGT8h/ZkSLE=
user15,c2FsdA==$8HUsqQfYTbW/P6pmrZk2y6Y9muhsfvWGbJXu9xN6g8A=
user16,c2FsdA==$mKE6l9JOGCI5MSyp/JFAyj1urevuSqQ6044xnP1kWhI=
user17,c2FsdA==$5jAds5MDwZ/sT90LWKeU+A3Lkwq23edenDAt4SDdPW8=
user18,c2FsdA==$mi9yczkx8Tt6Uwjgs/bP+jJZycxiQPWPybzH+vFo+gU=
user19,c2FsdA==$AGwqhhufd+90CMMYwwGTdodHH+lsOpOsIDiUiFyiZHU=
user20,c2FsdA==$ApRRQ+h8/JeEexXJysp/BHxGYwZ2kc5eIJHUycfVufQ=
user21,c2FsdA==$I3k/5uw15P8yuVaPW7F/TQvd9gU6ZDD8TeEUmekaZEI=
user22,c2FsdA==$0EB0VgoZPm4F/R7uQmlBw40cS4fh1TSG8NOxHXRY2xE=
user23,c2FsdA==$i3Vw6o76WAidlZmyKZraBJiOXpxia0R/edSDHS8BQHg=
user24,c2FsdA==$EEm6RcRONBEL1T4u1Sv9CoM4l9DUvkzmndDp4X/vNug=
user25,c2FsdA==$hmFtlkCILaltDc/4eNLruN2UA+BhF6EydaJwN9MCWCI=
user26,c2FsdA==$/zQYU/eSe3T+nHHElaK0GidDt3NBbdDsLTGxDt4x8W0=
user27,c2FsdA==$8n2SlKEtFD5KLVLpKMqrqkW8bY5Zs3Qx7ZzQZPoDCtA=
user28,c2FsdA==$OVQHLJpIFvPecmf3fnmxArCEHriPiAP3PXGWldovCAM=
user29,c2FsdA==$w/3MRklG6xh84zayGgfkIpvh50Jk4e0FysxTgOz7w9U=
user30,c2FsdA==$aMzb8GAkPncEGl/vAeq/BBcc0GEy4kRn/3vjZJNtz0E=
user31,c2FsdA==$vGE8UUNZwDpZJMT1TH5CX2Q9XRwWwDvjauLNIqhdbgU=
user32,c2FsdA==$iS2U+gBF31+saadUjev6ZbaSZfcEJsR2sSIWemsCylA=
user33,c2FsdA==$7YTQooiUSJtn7zwYDnFQKCMUIEZmVKimvlqtpWYcx3s=
user34,c2FsdA==$qeY0DahCx0ExRVDE+HDwqLEKjo4b6tVE/g1QfY0TIA8=
user35,c2FsdA==$3CQ0M5v0nPmYLVuK6k6oLVp4xmWyqosea9510ZJPo4M=
user36,c2FsdA==$mNGNzhGZ0fgsojV4dF9gr0Q2dxvuvMTE5Jsao2eeRI8=
user37,c2FsdA==$8DLcYUrIxHpdTnbvkWusgAIaoddhEbzDPdRzhVzzT48=
user38,c2FsdA==$lO+v+9zsQFkLWsWr4jUSfVKRva/Er4rkCrTMkZeQ348=
user39,c2FsdA==$aHEOZBjcb3nTCj1JfGgR2WEa5fU3CuPA8OGAmvoTZqY=
user40,c2FsdA==$UKY+XK9GAxaXkTLdJDDiUYHC9syrUHyefP7YHOWL1jY=
user41,c2FsdA==$mrBtzWBq9kkSSDYGp68DgLgVX6FPwM0lnGf4XdPIwqo=
user42,c2FsdA==$fqhJSMXtBGyzbqm9Kq7+2hKwB9FdXqCHlInZuiX7G9o=
user43,c2FsdA==$x7CbXLW1TSBINe+i+3yDgnRUdMQLkReeaAANL4o6UwM=
user44,c2FsdA==$+GHvxCfTsGyI6Nt95Au56eJiqW4jNKBfDvyMFNQiw8k=
user45,c2FsdA==$Aw+gRLLehjxFFBC9n5gVCVEnwEGA26kFmaJ0SSFIgQM=
user46,c2FsdA==$D5wPq1gi6CD6lGNdD1nv9RxGDpqgfIEQHjnCQ12/s6Q=
user47,c2FsdA==$CFR+6/aU+SZhQYib0l8+MmSy+FQ6lIuyncDLvI4IfuE=
user48,c2FsdA==$9oPshxC6/NnfE2euH7BR8d7NwUUYdlNOTKXg8XAwThg=
user49,c2FsdA==$K8FaL9P7/HffEGVmX6Tg3Dqc6F6JUveeR1CoKEyHbbE=
user50,c2FsdA==$HoBACA2UW0K0mOUJS1ll2G+iELUlXGC3qGR2IkdRXVk=
user51,c2FsdA==$srPDxGbYQQ5rhnvFS9vdeWmhGqP4pd9UhmBpPspikp8=
user52,c2FsdA==$dvspRbInr3GsqwRbObfmDVidjm3B80ClY96n/w8XKwY=
user53,c2FsdA==$32oCPECpU/6IV2dkGJ+NyLZASlHGtHCbC5ps7lrdF2E=
user54,c2FsdA==$iLShFOmnJrI9D+ASmh0cAnNWoPyxxFfLerO31RI+b8c=
user55,c2FsdA==$YotTxIIiAGsjP6w2bIfZLKyIufdCFQP4RGcaSDtbDME=
user56,c2FsdA==$ybXzjoWLnFYFadpV5p9WwafK825r/SA7HoB3nngwDnQ=
user57,c2FsdA==$eRqsQT8kA0Bw5iPR1PJQw9G5/QP4m2h8+mG5FYhb1MM=
user58,c2FsdA==$Pw++FLIA6/JnIFTZbIK99DLCoQhvI3/POc0qzy2xMpM=
user59,c2FsdA==$GAI/LAdxe3aFxDfP9a8sLazytjK3yZcQnl1m+44nIdw=
user60,c2FsdA==$0v6dmUu1BYk2e4RJpHzvey3r5BwaOCgQUBK3z1656fY=
user61,c2FsdA==$UKBITYsoFkyNgLtZ4RS8PCD+XgC2ImRWUZz6LAx9aXQ=
user62,c2FsdA==$fVw9Xy17nCo2s6V9/EyAfseCvC6ZvxiILxdVWn9KdiY=
user63,c2FsdA==$+KjtZ2xMtw6HGOvY5XKUMBcTDJGiJcAC/B+R4R72sFU=
user64,c2FsdA==$naRIKngOzjTqMA/Ei3qeDl5sLdn56xJayWIAoJwD71M=
user65,c2FsdA==$VUyi/A6f7rKKEY+fr6M5FNSF8pBPgm0dUP8zdKEpwuQ=
user66,c2FsdA==$srPDxGbYQQ5rhnvFS9vdeWmhGqP4pd9UhmBpPspikp8=
user67,c2FsdA==$0JRIFc5nrbV4CVetoYj3uyS9UKel51wyOGhspLiMYds=
user68,c2FsdA==$o2UnKbRFaLcpc7LTaX/zmAQpMXiZE//8ItCupzfm0bk=
user69,c2FsdA==$OQkZbVMG+r7XHQ15peTEq+08hR0OaWObIhYn/R0MQ1Q=
user70,c2FsdA==$EawF1ZzzCuDlcOyeDLTOsYV/7yKhFMVvWgGNGLGlJNE=
user71,c2FsdA==$TrKgRl+ItAi3y1HEn0pFsYQmtYJvQLGkmj3JTPEWoMI=
user72,c2FsdA==$KYbkt48EBjhBaI59A/k9Y8zR0fsxiZTlMHXTSQNcZKQ=
user73,c2FsdA==$cOptTrdsEs91+WvP5fbBx26ryqzKW1vaFlpoTjeXoP8=
user74,c2FsdA==$Yn28CThzlUwQvpW8o7Dp30ipz43ZLViLTye6l3DTLmM=
user75,c2FsdA==$mQoKfx1ry7HOJCV9kUO5BULna3wY2KxNaeJTVnZSUTA=
user76,c2FsdA==$cGsw9XKzIBLIEq+EN58y+WGp5bE80G3fIA2eJMBbtM4=
user77,c2FsdA==$7E+1peeA4XrvXvutv2Zv5q9V0L010rvcKVLyYznWy/E=
user78,c2FsdA==$1QRoMFb030eSBnTaYpFMA/mMq8vjcvFs3GpNN/QoiSs=
user79,c2FsdA==$zOH0CnW8XtI6pOPQ7pWMhjqr8CQKo2deGuvYlWHpOo8=
user80,c2FsdA==$7tfa/p4gtkcV67+5SIT2VdfWpk1cF98PnWNWzBj+O7Y=
user81,c2FsdA==$ylIZPbQnAJVcw8TxVv86n2eWU7ZNFpK5TkF4Q+YZn+Q=
user82,c2FsdA==$ReUXQ2c2cblsi9DccKScYh3u8xPvnaRbNqjLZDV9ykY=
user83,c2FsdA==$j/Msd0SXjot1v5G9QzthJb1+ixFC2g/OglJwsZvXBPo=
user84,c2FsdA==$qUMnIS4ohHUtp7PUcWZOxpkdw8PCdM1zDQVx5BbBTFU=
user85,c2FsdA==$Oa5IVWMWK+l2PXuZJncOZLjWhtRdpfxoG90qoBTQoA0=
user86,c2FsdA==$rnKm8rLCf9fhoaWKlbC6EUhV/51olyG6nCD7uX1V8LY=
user87,c2FsdA==$GyAnD/Zkl3UMKr9ZQ5Ntrzx0mNsA6ytR5BWEn+z4ATc=
user88,c2FsdA==$UzwLYrLUB/2IOnBpqsHcJ07hx5LnYjS1UOxYJmoxZGs=
user89,c2FsdA==$VmlNTpl8bYFTOHgf7noibrVqBEdZ+yPyl0XAoc3sjyM=
user90,c2FsdA==$RvI+noQj+3vakXCTPbuxVod2jXzAR5yFswZDbc/caHo=
user91,c2FsdA==$CN3CY1tgoUcW5h3IZNMxmKsfVx8N4xBpVorzywARNHA=
user92,c2FsdA==$DplLnnLYHXRh/JJccvd09XGTHoF+J004Fn7IBxvdqDw=
user93,c2FsdA==$SJaLqg9dMIOBiNkzUq9HqnmBz4Xxw4pxIqWTJRkUJCA=
user94,c2FsdA==$BR05k7L8SbzJh7RhatV0YQ4AuJ9KjijNnDpi6k3vVVc=
user95,c2FsdA==$k5tjRcZ51lrprXSpQ53DOh7wiBvA7lQ6VGyJwOSgb6I=
user96,c2FsdA==$MgUHHhulbJAiEzj2WxjZ8u2e4R76mIounPxsp/Au+Ec=
user97,c2FsdA==$Q1NzOIwNbbJb9pWFUFjMRyfVwV++1lwvPvSml82fW80=
user98,c2FsdA==$YQ6MoysGXNAiDSjnjb/oaunLYof1+D9YzctfpgIkeX0=
user99,c2FsdA==$S7e5ITgxJvXC/RTKtDEw58HVQV+x9gGS81JWC/bC7Oc=
user100,c2FsdA==$5B6b5qoJ4D4SzGN6XTm9tz9OFxaA4Vu+30UXXFud3tE=
user101,c2FsdA==$ng7tmhL4SXy1+HaoN0VEnbqSMkBODV1RXJIbng8U27U=
user102,c2FsdA==$TavlAePrrGZUGQD+Q7Ck3TuTRiHx9CckrOXrZO1t+6Q=
user103,c2FsdA==$pYtJl7ObGDV1or1bspMgzGIbaK73fGXHlk5c71benpQ=
user104,c2FsdA==$lh7fVSzLGa41N786NE5Bc9o+fZBK1bhbSz39+hvoiFQ=
user105,c2FsdA==$UMj3CVlJLQaf9W/vFpOXAF7cHMIuVCAq3Zc7xHEQcN0=
user106,c2FsdA==$M6PvUkDZQ/zaVrhFEDybv2Y0d02PnhcWsOxA3poFj4I=
user107,c2FsdA==$fqqIypufw2hkzQ35XU3LnWfcGVMT2eq1fFc0oDN03is=
user108,c2FsdA==$m5pPYGdHwaDmJCOXKYIrbbYVGeljqCE7WBm8LY8tD3s=
user109,c2FsdA==$8SoijFWMcftEi85OdMHvpicd+fhsMRKBUs/KG3v7sUQ=
user110,c2FsdA==$9RXgywQB50aw1f0S66jp3gJGPpBzn2axiv86wOFmZ/0=
user111,c2FsdA==$CITnEVZhRtuuWd+Pa8QAqd7JlTV24sHjFwWm0cpoi8M=
user112,c2FsdA==$J6KpBnYdFiLdC0myGlZjlngJhrIbe8ZcLudB5H3a1dA=
user113,c2FsdA==$bPTJfjlFM/kkE+/tI86FJ+n0jx4ASbC1UvRSEK0cabk=
user114,c2FsdA==$Him6ds6sLJHCeR5NwFa7d8vM2zX+QROwIOsoxRlwlg4=
user115,c2FsdA==$c0o+kLuR4CacNhibD5Xb7kq6HDUNrr73NDAWvSilMWI=
user116,c2FsdA==$pixlycS1gjBtRxsMrqmvIjvB2d6WGKkPFyQ+FCkUPLU=
user117,c2FsdA==$7qsINFQefrg+mFTDa0jA8xT68VMSo7V9KQFis+VWAGE=
user118,c2FsdA==$Asvm5QdPehXYdBi//Bd6VRdXQvNbuq96nQw+Dt/KMWA=
user119,c2FsdA==$Jk31IWgy/s03sULvidcPNXbuykQW/7UAY0Xg9Wgh6uc=
user120,c2FsdA==$bVrm8mm/8d+5NnDv7DXsVEy2dXwvHHuStSePduidWp4=
user121,c2FsdA==$69wIRnjsNnv0mXxHhpZpx7oxbfjb0FDJHopBNoLrf+I=
user122,c2FsdA==$GvXRNIOOKJF0epFb5Rs4lfz1Znik1GQS+zmAeSEwq7Y=
user123,c2FsdA==$TcoQJOQeMaeF5b7vfioCbQ/hGNA/U6zq68GK55X2Ql0=
user124,c2FsdA==$UANkhvLegZE6YHK3jabsGeNGeNwDwF64JMnm0nebtQQ=
user125,c2FsdA==$Hs31a0cXeGworuiCMPvJjekNqVA9xcnEIexrgqKCDkk=
user126,c2FsdA==$2SnfmEr6LwGWXpKTSRy5awjSnBH1r3p0tiICYIx635M=
user127,c2FsdA==$YNfSCpWhW11/CkZgErW6iGOKU2c+2WL1gMMBwJMJ1dM=
user128,c2FsdA==$7Ow2TcGCTtQZw3OfVXyamIaXVW7In7KzVIkjdQCjlDU=
user129,c2FsdA==$BwFAoy3rx9GAjo2k4cIt5JJSSPU0frxXhDHDYLrudsw=
user130,c2FsdA==$TBqfUdvriJzf6/en9VIUpcvyzKR1KJoQSk3PMkSq37M=
user131,c2FsdA==$sIUqPXaYq27OY0/CwNSjy9SucJ8SsEP4UHeENr8c/Yw=
user132,c2FsdA==$lHh+0slOjo4R0i9fcgVj36e8h7IsGAQqE9umhsgbPM0=
user133,c2FsdA==$tqN+DYIvZ1M825a4pWFDpe5Jmw9lm9CprjpxChsXza4=
user134,c2FsdA==$l6J78h7OdtpzNmmEnfl4/NwAYNX9HKG49WNHpwacNfk=
user135,c2FsdA==$g54tzF5SUVA6V6GAIYKJAXjmHHCQctd64I6eUznc8JU=
user136,c2FsdA==$OD8w0OerRuceGWwBapaqzSAWpVh8sAvlG2SP8/5BFkw=
user137,c2FsdA==$Fuf7DWDXYAIQHOJ/3aU8xKOMKRyDk6VPECIRDA9N5hU=
user138,c2FsdA==$oNMATxLGAE0ePjBG5ESLyaQMAsf01gjsZYJAvSQWj7s=
user139,c2FsdA==$CuH2+1SjXcWOJ2t/NXj25H9bYM+7mKz+0u0xTOFwGlk=
user140,c2FsdA==$qRYgFZOSpkeNzX9jaZUzEOkTYIb/gYJ1aD4BAJQSPng=
user141,c2FsdA==$GtPewGfIVKthWDI54kDdgSEMABxILoX4wXyPV2dqTZE=
user142,c2FsdA==$oKbdiQk0bk613AnKsH3WGUSE7z0KU2w4UiKPUTBFkZo=
user143,c2FsdA==$I221M1JgJxODYlbD3hzH4yZZ9HQqiRJy055CbYitfYE=
user144,c2FsdA==$oI7k60h3HGuY1NjLvQka22g2KTTz7Mcd/LSyS1vRT2I=
user145,c2FsdA==$UOeQhLO7kClj4mPOwVsLyKwdTkBRv2K3IAN267wDv/k=
user146,c2FsdA==$w3qTKUrWjYwmJmKyxEDtdii1ZUuPQD7jRdoHq0OI4jA=
user147,c2FsdA==$A0+Z2UtQzYVmxEPa8zcxvBDdqlPF4Qig/yx6EW/dxbg=
user148,c2FsdA==$YDsZu4APNO7tIZC064+zKFES3zaMh6FgKjknpOrNzTY=
user149,c2FsdA==$X5XqXjw+akftS2DpNnlFqU9nAAdbTPxdhZgu0TpUJY8=
user150,c2FsdA==$32Cx4P0mnOQHfCOiQvuglEfTYRYV+pE2eeh/oLnmN+8=
user151,c2FsdA==$YS2DFT6UKU0jOT5dS5AKB9ifAivkMAHfo19+lKEvgmE=
user152,c2FsdA==$aI+ByLjXBZCRRmRpA7lvTRgG8bHqnHoVVPsdpSpbrFw=
user153,c2FsdA==$acYH8W6x/VdMMi86XJD6PX8zGprgzQClgvzsvRbmZj4=
user154,c2FsdA==$m10tOqPsxTRBZr+fyQtALRE4yG7TZABRAvyTsiMAXgA=
user155,c2FsdA==$oKTybCfygAndZN6iW7nRJOg/nGmIir0CUOxnypIV94Y=
user156,c2FsdA==$SF9xiT5S1Falcox8aHW77c7Q2NqDBb53j0tnc46fWRA=
user157,c2FsdA==$bNohmQ1B4Sy1HcIrtJZ+c3DRW2LEBwoeLz20dGR3EZI=
user158,c2FsdA==$fq5lYfgxUADt/fkmPE5bJsFXi7ItX//EWfS4p+FRliA=
user159,c2FsdA==$qdO0E9pSs6eB5nNr/VqhfmtAthdMs7HE0llXR5GlgD0=
user160,c2FsdA==$whHo7mef/qmZHOp/h1chSpNIJRDha/9Itzg5Usb3SP8=
user161,c2FsdA==$umZkYGyDd8Bu01MdRMfcYaeA+WlI4XbrWMevdYYZyMY=
user162,c2FsdA==$zbkf7Ym0NOw3xnsojG8tab/di0KKIfVs/pE31ztbGf8=
user163,c2FsdA==$X3YW16DNpM89ERrC6n4YHybOTQj8zSY1QmT5jh10kT0=
user164,c2FsdA==$k9D9l/dM3fRRxBbsDmOdhz64qyJhuWSd3e3X63DbfIM=
user165,c2FsdA==$7ZxpngozJ/i3C91y9YnJJ/KeMfGTgAOHRfma9tipfsE=
user166,c2FsdA==$sKxBHhpVX4wyDbBQg7Jwoe7v4J1uwMEYqVedKHjmGCg=
user167,c2FsdA==$iNL+KflX+vWcXh7Nhpm7o54L82YKzDeZDRS/JIIxQEk=
user168,c2FsdA==$eJmcpKNoc7JJE8//prvSIwbL9tb5zwwg7vEn7L/40Tc=
user169,c2FsdA==$OIjWA+zhBwJZ9xlPUY+wrZ0mNLn68GXdNWAsoPhWmKo=
user170,c2FsdA==$cA77u/U+NMw0wQTTD901QBRajFRBboPN2rlPUOuoSqg=
user171,c2FsdA==$tFERM5nllwh4RSV4O0QeGMAmlqEIMGxclWHWCJRnQuQ=
user172,c2FsdA==$2dUsJXv4eo1UDoxLZNKbgBRpZzMAUuA1CP7DZKWqAhQ=
user173,c2FsdA==$C7ETf2mfJm5jd6bK8ul5zERIu6tvs/BZCJDmQ1Zjs7k=
user174,c2FsdA==$WaplPSco0JVEHNpSj5n612OnN1HhZmqXtORilsfc4Dk=
user175,c2FsdA==$D/TR2NlQlsZZBSoyqYO1Iw5Mt4Tg2wxsVNdN5gm50yI=
user176,c2FsdA==$3S39Ujb+I69fQJf0PRBLUCaF1/hRsdJFJYvdRC9aX1U=
user177,c2FsdA==$PqnskwTRUQnsw4ovyvWmbgKl6xVlxLIh4upsxxOmuxk=
user178,c2FsdA==$wXSncKqmY4sZBr30udlcoySD3cCxpnH+CZ9fS2bxvFc=
user179,c2FsdA==$LQ1sT+3cns7NAeBGWgmjU1kX/r68xRaZlIcp15wgNAc=
user180,c2FsdA==$D04ZsozsqD4qVtWjw5deFHOWRa3/H3X4ngrgvs6xAGQ=
user181,c2FsdA==$VlcmL4+rj0bz8XwBBnE8tFU3lbfhY7IdixHDLX3a3eo=
user182,c2FsdA==$c4iUTbqi2tYdArzso0b2fitYMItFTFAKFKQTdD4vuBA=
user183,c2FsdA==$f8C6l1smyjpvp6+gIdeqSdLkxooxtniDp8omg/4lVnA=
user184,c2FsdA==$k2kJD5KaI0637hVEWfqDQPsQ/IviKpDMmqhzjM/w6aA=
user185,c2FsdA==$/Uj3tuVmSTwMN2HZmlqmteRtg2QEkKhKwjV9lVIF0Oo=
user186,c2FsdA==$RMozWUmjUXm+/vvZUX7ZSnjaF8jDyq/xCShJdjXV8ak=
user187,c2FsdA==$aDvzk21mjfRXvdJfKI38pB725uvblwVTZxGes7t6pik=
user188,c2FsdA==$iYft8CczrwyDBb2T2JkLr2k/+gjMxzTGKGhgwHQWAnI=
user189,c2FsdA==$8a1CgOjOBrXxuVp09A9phNXwpm1EuJnlHF3iUMO8ZWo=
user190,c2FsdA==$vpcVM0y8ehY/lk5kQQJ28ChTpfwYbISNQhJSkANkC20=
user191,c2FsdA==$Ka0/HIOQXk0enjFu8JtXj3e6GJ2inZP20YzZnSWCPMs=
user192,c2FsdA==$jujg40eOjKZ1Eo6gVdADSNnBMchAak/Bxtdy02V45eQ=
user193,c2FsdA==$1lRTTH1f7pO0ZIq2G2pwkK9kw4xzCOJiAieajO16xlA=
user194,c2FsdA==$fv2VmtQJNGyowKUYUmIMwpVbC+yUzVtUru1dmgOhx2w=
user195,c2FsdA==$ftqaVYcSvVe4kmmAV7E/HLgLqje0XEBcqExCkk/nk6g=
user196,c2FsdA==$t9E0uLbaN8VF1O2Sl059Fq72xxpIjL+QgvKvPilwhaA=
user197,c2FsdA==$GA/3eNZ0xWGFvpQGNjFyngHRZMugdC4bxsKr+0eoOa0=
user198,c2FsdA==$j3+fM3nBORfOTHkXkpiFWXNuW56FE+fZqlyMGhcVFko=
user199,c2FsdA==$hBXYMumfGGrHVVA7A2pWf2xpyBMCDpJ4q+xAsI3AYms=